gc_orgID,harmonized_name,nom_harmonisé,legal_title,appellation_légale,preferred_name,nom_préféré,lead_department,ministère_responsable,abbreviation,abreviation,FAA_LGFP,status_statut
2222,Agriculture and Agri-Food Canada,Agriculture et Agroalimentaire Canada,Department of Agriculture and Agri-Food,Ministère de l'Agriculture et de l'Agroalimentaire,Agriculture and Agri-Food Canada,Agriculture et Agroalimentaire Canada,Agriculture and Agri-Food Canada,Agriculture et Agroalimentaire Canada,AAFC,AAC,1,a
2223,Canadian Heritage,Patrimoine canadien,Department of Canadian Heritage,Ministère du Patrimoine canadien,Canadian Heritage,Patrimoine canadien,Canadian Heritage,Patrimoine canadien,PCH,PCH,1,a
2224,"Immigration, Refugees and Citizenship Canada","Immigration, Réfugiés et Citoyenneté Canada",Department of Citizenship and Immigration,Ministère de la Citoyenneté et de l'Immigration,"Immigration, Refugees and Citizenship Canada","Immigration, Réfugiés et Citoyenneté Canada","Immigration, Refugees and Citizenship Canada","Immigration, Réfugiés et Citoyenneté Canada",IRCC,IRCC,1,a
2225,Department of Finance Canada,Ministère des Finances Canada,Department of Finance,Ministère des Finances,Department of Finance Canada,Ministère des Finances Canada,Department of Finance Canada,Ministère des Finances Canada,FIN,FIN,1,a
2226,Fisheries and Oceans Canada,Pêches et Océans Canada,Department of Fisheries and Oceans,Ministère des Pêches et des Océans,Fisheries and Oceans Canada,Pêches et Océans Canada,Fisheries and Oceans Canada,Pêches et Océans Canada,DFO,MPO,1,a
2227,Global Affairs Canada,Affaires mondiales Canada,"Department of Foreign Affairs, Trade and Development","Ministère des Affaires étrangères, du Commerce et du Développement",Global Affairs Canada,Affaires mondiales Canada,Global Affairs Canada,Affaires mondiales Canada,GAC,AMC,1,a
2228,Health Canada,Santé Canada,Department of Health,Ministère de la Santé,Health Canada,Santé Canada,Health Canada,Santé Canada,HC,SC,1,a
2229,Employment and Social Development Canada,Emploi et Développement social Canada,Department of Employment and Social Development,Ministère de l'Emploi et du Développement social,Employment and Social Development Canada,Emploi et Développement social Canada,Employment and Social Development Canada,Emploi et Développement social Canada,ESDC,EDSC,1,a
2230,Crown-Indigenous Relations and Northern Affairs Canada,Relations Couronne-Autochtones et Affaires du Nord Canada,Department of Crown-Indigenous Relations and Northern Affairs,Ministère des Relations Couronne-Autochtones et des Affaires du Nord,Crown-Indigenous Relations and Northern Affairs Canada,Relations Couronne-Autochtones et Affaires du Nord Canada,Crown-Indigenous Relations and Northern Affairs Canada,Relations Couronne-Autochtones et Affaires du Nord Canada,CIRNAC,RCAANC,1,a
2231,"Innovation, Science and Economic Development Canada","Innovation, Sciences et Développement économique Canada",Department of Industry,Ministère de l'Industrie,"Innovation, Science and Economic Development Canada","Innovation, Sciences et Développement économique Canada","Innovation, Science and Economic Development Canada","Innovation, Sciences et Développement économique Canada",ISED,ISDE,1,a
2232,Department of Justice Canada,Ministère de la Justice Canada,Department of Justice,Ministère de la Justice,Department of Justice Canada,Ministère de la Justice Canada,Department of Justice Canada,Ministère de la Justice Canada,JUS,JUS,1,a
2233,National Defence,Défense nationale,Department of National Defence,Ministère de la Défense nationale,National Defence,Défense nationale,National Defence,Défense nationale,DND,MDN,1,a
2234,Natural Resources Canada,Ressources naturelles Canada,Department of Natural Resources,Ministère des Ressources naturelles,Natural Resources Canada,Ressources naturelles Canada,Natural Resources Canada,Ressources naturelles Canada,NRCan,RNCan,1,a
2235,Public Safety Canada,Sécurité publique Canada,Department of Public Safety and Emergency Preparedness,Ministère de la Sécurité publique et de la Protection civile,Public Safety Canada,Sécurité publique Canada,Public Safety Canada,Sécurité publique Canada,PS,SP,1,a
2236,Public Services and Procurement Canada,Services publics et Approvisionnement Canada,Department of Public Works and Government Services,Ministère des Travaux publics et des Services gouvernementaux,Public Services and Procurement Canada,Services publics et Approvisionnement Canada,Public Services and Procurement Canada,Services publics et Approvisionnement Canada,PSPC,SPAC,1,a
2237,Environment and Climate Change Canada,Environnement et Changement climatique Canada,Department of the Environment,Ministère de l'Environnement,Environment and Climate Change Canada,Environnement et Changement climatique Canada,Environment and Climate Change Canada,Environnement et Changement climatique Canada,ECCC,ECCC,1,a
2238,Transport Canada,Transports Canada,Department of Transport,Ministère des Transports,Transport Canada,Transports Canada,Transport Canada,Transports Canada,TC,TC,1,a
2239,Veterans Affairs Canada,Anciens Combattants Canada,Department of Veterans Affairs,Ministère des Anciens Combattants,Veterans Affairs Canada,Anciens Combattants Canada,Veterans Affairs Canada,Anciens Combattants Canada,VAC,ACC,1,a
2240,Prairies Economic Development Canada,Développement économique Canada pour les Prairies,Department of Western Economic Diversification,Ministère de la Diversification de l'économie de l'Ouest canadien,Prairies Economic Development Canada,Développement économique Canada pour les Prairies,,Ministre de la Gestion des urgences et de la Résilience des communautés et ministre responsable de Développement économique Canada pour les Prairies,PrairiesCan,PrairiesCan,1,a
2241,Women and Gender Equality Canada,Femmes et Égalité des genres Canada,Department for Women and Gender Equality,Ministère des Femmes et de l'Égalité des genres,Women and Gender Equality Canada,Femmes et Égalité des genres Canada,Women and Gender Equality Canada,Femmes et Égalité des genres Canada,WAGE,FEGC,1,a
2242,Treasury Board of Canada Secretariat,Secrétariat du Conseil du Trésor du Canada,Treasury Board Secretariat,Secrétariat du Conseil du Trésor,Treasury Board of Canada Secretariat,Secrétariat du Conseil du Trésor du Canada,Treasury Board of Canada Secretariat,Secrétariat du Conseil du Trésor du Canada,TBS,SCT,,a
2243,Indigenous Services Canada,Services aux Autochtones Canada,Department of Indigenous Services,Ministère des Services aux Autochtones,Indigenous Services Canada,Services aux Autochtones Canada,Indigenous Services Canada,Services aux Autochtones Canada,ISC,SAC,1,a
2244,Atlantic Canada Opportunities Agency,Agence de promotion économique du Canada atlantique,Atlantic Canada Opportunities Agency,Agence de promotion économique du Canada atlantique,,,,Ministre de la Justice et procureur général du Canada et ministre responsable de l'Agence de promotion économique du Canada atlantique,ACOA,APECA,1.1,a
2245,Impact Assessment Agency of Canada,Agence d'évaluation d'impact du Canada,Impact Assessment Agency of Canada,Agence canadienne d'évaluation d'impact,Impact Assessment Agency of Canada,Agence d'évaluation d'impact du Canada,Environment and Climate Change Canada,Environnement et Changement climatique Canada,IAAC,AEIC,1.1,a
2246,Canadian Grain Commission,Commission canadienne des grains,Canadian Grain Commission,Commission canadienne des grains,,,Agriculture and Agri-Food Canada,Agriculture et Agroalimentaire Canada,CGC,CCG,1.1,a
2247,Canadian Human Rights Commission,Commission canadienne des droits de la personne,Canadian Human Rights Commission,Commission canadienne des droits de la personne,,,Department of Justice Canada,Ministère de la Justice Canada,CHRC,CCDP,1.1,a
2248,Canadian Intergovernmental Conference Secretariat,Secrétariat des conférences intergouvernementales canadiennes,Canadian Intergovernmental Conference Secretariat,Secrétariat des conférences intergouvernementales canadiennes,,,Privy Council Office,Bureau du Conseil privé,CICS,SCIC,1.1,a
2249,Canadian Northern Economic Development Agency,Agence canadienne de développement économique du Nord,Canadian Northern Economic Development Agency,Agence canadienne de développement économique du Nord,Canadian Northern Economic Development Agency,Agence canadienne de développement économique du Nord,,Ministre des Affaires du Nord et de l'Arctique et ministre responsable de l'Agence canadienne de développement économique du Nord,CanNor,CanNor,1.1,a
2250,Canadian Security Intelligence Service,Service canadien du renseignement de sécurité,Canadian Security Intelligence Service,Service canadien du renseignement de sécurité,Canadian Security Intelligence Service,Service canadien du renseignement de sécurité,Public Safety Canada,Sécurité publique Canada,CSIS,SCRS,1.1,a
2251,Canadian Space Agency,Agence spatiale canadienne,Canadian Space Agency,Agence spatiale canadienne,Canadian Space Agency,Agence spatiale canadienne,"Innovation, Science and Economic Development Canada","Innovation, Sciences et Développement économique Canada",CSA,ASC,1.1,a
2252,Canadian Transportation Agency,Office des transports du Canada,Canadian Transportation Agency,Office des transports du Canada,Canadian Transportation Agency,Office des transports du Canada,Transport Canada,Transports Canada,CTA,OTC,1.1,a
2253,Communications Security Establishment Canada,Centre de la sécurité des télécommunications Canada,Communications Security Establishment,Centre de la sécurité des télécommunications,Communications Security Establishment Canada,Centre de la sécurité des télécommunications Canada,National Defence,Défense nationale,CSE,CST,1.1,a
2254,Copyright Board Canada,Commission du droit d'auteur Canada,Copyright Board,Commission du droit d'auteur,Copyright Board Canada,Commission du droit d'auteur Canada,"Innovation, Science and Economic Development Canada","Innovation, Sciences et Développement économique Canada",CB,CDA,1.1,a
2255,Correctional Service Canada,Service correctionnel Canada,Correctional Service of Canada,Service correctionnel du Canada,Correctional Service Canada,Service correctionnel Canada,Public Safety Canada,Sécurité publique Canada,CSC,SCC,1.1,a
2256,Courts Administration Service,Service administratif des tribunaux judiciaires,Courts Administration Service,Service administratif des tribunaux judiciaires,Courts Administration Service,Service administratif des tribunaux judiciaires,Department of Justice Canada,Ministère de la Justice Canada,CAS,SATJ,1.1,a
2257,Canada Economic Development for Quebec Regions,Développement économique Canada pour les régions du Québec,Economic Development Agency of Canada for the Regions of Quebec,Agence de développement économique du Canada pour les régions du Québec,Canada Economic Development for Quebec Regions,Développement économique Canada pour les régions du Québec,,Ministre de l'Industrie et ministre responsable de Développement économique Canada pour les régions du Québec,CED,DEC,1.1,a
2258,Federal Economic Development Agency for Southern Ontario,Agence fédérale de développement économique pour le Sud de l'Ontario,Federal Economic Development Agency for Southern Ontario,Agence fédérale de développement économique pour le Sud de l'Ontario,Federal Economic Development Agency for Southern Ontario,Agence fédérale de développement économique pour le Sud de l'Ontario,,Ministre de l'Intelligence artificielle et de l'Innovation numérique et ministre responsable de l'Agence fédérale de développement économique pour le Sud de l'Ontario,FedDev Ontario,FedDev Ontario,1.1,a
2259,Financial Consumer Agency of Canada,Agence de la consommation en matière financière du Canada,Financial Consumer Agency of Canada,Agence de la consommation en matière financière du Canada,Financial Consumer Agency of Canada,Agence de la consommation en matière financière du Canada,Department of Finance Canada,Ministère des Finances Canada,FCAC,ACFC,1.1,a
2260,Financial Transactions and Reports Analysis Centre of Canada,Centre d'analyse des opérations et déclarations financières du Canada,Financial Transactions and Reports Analysis Centre of Canada,Centre d'analyse des opérations et déclarations financières du Canada,Financial Transactions and Reports Analysis Centre of Canada,Centre d'analyse des opérations et déclarations financières du Canada,Department of Finance Canada,Ministère des Finances Canada,FINTRAC,CANAFE,1.1,a
2261,Immigration and Refugee Board of Canada,Commission de l'immigration et du statut de réfugié du Canada,Immigration and Refugee Board,Commission de l'immigration et du statut de réfugié,Immigration and Refugee Board of Canada,Commission de l'immigration et du statut de réfugié du Canada,"Immigration, Refugees and Citizenship Canada","Immigration, Réfugiés et Citoyenneté Canada",IRB,CISR,1.1,a
2262,Library and Archives Canada,Bibliothèque et Archives Canada,Library and Archives of Canada,Bibliothèque et Archives du Canada,Library and Archives Canada,Bibliothèque et Archives Canada,Canadian Heritage,Patrimoine canadien,LAC,BAC,1.1,a
2263,Military Grievances External Review Committee,Comité externe d'examen des griefs militaires,Military Grievances External Review Committee,Comité externe d'examen des griefs militaires,Military Grievances External Review Committee,Comité externe d'examen des griefs militaires,National Defence,Défense nationale,MGERC,CEEGM,1.1,a
2264,Military Police Complaints Commission of Canada,Commission d'examen des plaintes concernant la police militaire du Canada,Military Police Complaints Commission,Commission d'examen des plaintes concernant la police militaire,Military Police Complaints Commission of Canada,Commission d'examen des plaintes concernant la police militaire du Canada,National Defence,Défense nationale,MPCC,CPPM,1.1,a
2265,Farm Products Council of Canada,Conseil des produits agricoles du Canada,National Farm Products Council,Conseil national des produits agricoles,Farm Products Council of Canada,Conseil des produits agricoles du Canada,Agriculture and Agri-Food Canada,Agriculture et Agroalimentaire Canada,FPCC,CPAC,1.1,a
2266,National Film Board,Office national du film,National Film Board,Office national du film,,,Canadian Heritage,Patrimoine canadien,NFB,ONF,1.1,a
2267,Parole Board of Canada,Commission des libérations conditionnelles du Canada,Parole Board of Canada,Commission des libérations conditionnelles du Canada,Parole Board of Canada,Commission des libérations conditionnelles du Canada,Public Safety Canada,Sécurité publique Canada,PBC,CLCC,1.1,a
2268,Northern Pipeline Agency Canada,Administration du pipe-line du Nord Canada,Northern Pipeline Agency,Administration du pipe-line du Nord,Northern Pipeline Agency Canada,Administration du pipe-line du Nord Canada,Natural Resources Canada,Ressources naturelles Canada,NPA,APN,1.1,a
2269,"Housing, Infrastructure and Communities Canada","Logement, Infrastructures et Collectivités Canada","Department of Housing, Infrastructure and Communities","Ministère du Logement, de l'Infrastructure et des Collectivités","Housing, Infrastructure and Communities Canada","Logement, Infrastructures et Collectivités Canada","Housing, Infrastructure and Communities Canada","Logement, Infrastructures et Collectivités Canada",HICC,LICC,1,a
2270,Office of the Auditor General of Canada,Bureau du vérificateur général du Canada,Office of the Auditor General,Bureau du vérificateur général,Office of the Auditor General of Canada,Bureau du vérificateur général du Canada,Department of Finance Canada,Ministère des Finances Canada,OAG,BVG,1.1,a
2271,Elections Canada,Élections Canada,Office of the Chief Electoral Officer,Bureau du directeur général des élections,,,,,elections,elections,1.1,a
2272,Office of the Commissioner for Federal Judicial Affairs Canada,Commissariat à la magistrature fédérale Canada,Office of the Commissioner for Federal Judicial Affairs,Commissariat à la magistrature fédérale,Office of the Commissioner for Federal Judicial Affairs Canada,Commissariat à la magistrature fédérale Canada,Department of Justice Canada,Ministère de la Justice Canada,FJA,CMF,1.1,a
2273,Office of the Commissioner of Lobbying of Canada,Commissariat au lobbying du Canada,Office of the Commissioner of Lobbying,Commissariat au lobbying,Office of the Commissioner of Lobbying of Canada,Commissariat au lobbying du Canada,Treasury Board of Canada Secretariat,Secrétariat du Conseil du Trésor du Canada,OCL,CAL,1.1,a
2274,Office of the Commissioner of Official Languages,Commissariat aux langues officielles,Office of the Commissioner of Official Languages,Commissariat aux langues officielles,,,Privy Council Office,Bureau du Conseil privé,OCOL,CLO,1.1,a
2275,Office of the Intelligence Commissioner,Bureau du commissaire au renseignement,Office of the Intelligence Commissioner,Bureau du commissaire au renseignement,,,Privy Council Office,Bureau du Conseil privé,,,1.1,a
2276,The Correctional Investigator Canada,L'Enquêteur correctionnel Canada,Office of the Correctional Investigator of Canada,Bureau de l'enquêteur correctionnel du Canada,The Correctional Investigator Canada,L'Enquêteur correctionnel Canada,Public Safety Canada,Sécurité publique Canada,OCI,BEC,1.1,a
2277,Public Prosecution Service of Canada,Service des poursuites pénales du Canada,Office of the Director of Public Prosecutions,Bureau du directeur des poursuites pénales,Public Prosecution Service of Canada,Service des poursuites pénales du Canada,Department of Justice Canada,Ministère de la Justice Canada,PPSC,SPPC,1.1,a
2278,Office of the Secretary to the Governor General,Bureau du secrétaire du gouverneur général,Office of the Governor General's Secretary,Bureau du secrétaire du gouverneur général,Office of the Secretary to the Governor General,Bureau du secrétaire du gouverneur général,Privy Council Office,Bureau du Conseil privé,OSGG,BSGG,1.1,a
2279,Office of the Public Sector Integrity Commissioner of Canada,Commissariat à l'intégrité du secteur public du Canada,Office of the Public Sector Integrity Commissioner,Commissariat à l'intégrité du secteur public,Office of the Public Sector Integrity Commissioner of Canada,Commissariat à l'intégrité du secteur public du Canada,Treasury Board of Canada Secretariat,Secrétariat du Conseil du Trésor du Canada,PSIC,ISPC,1.1,a
2280,Office of the Superintendent of Financial Institutions Canada,Bureau du surintendant des institutions financières Canada,Office of the Superintendent of Financial Institutions,Bureau du surintendant des institutions financières,Office of the Superintendent of Financial Institutions Canada,Bureau du surintendant des institutions financières Canada,Department of Finance Canada,Ministère des Finances Canada,OSFI,BSIF,1.1,a
2281,Office of the Information Commissioner of Canada,Commissariat à l'information au Canada,Office of the Information Commissioner of Canada,Commissariat à l'information au Canada,,,Department of Justice Canada,Ministère de la Justice Canada,,,,a
2282,Office of the Privacy Commissioner of Canada,Commissariat à la protection de la vie privée du Canada,Office of the Privacy Commissioner of Canada,Commissariat à la protection de la vie privée du Canada,,,Department of Justice Canada,Ministère de la Justice Canada,,,4,a
2283,Patented Medicine Prices Review Board Canada,Conseil d'examen du prix des médicaments brevetés Canada,Patented Medicine Prices Review Board,Conseil d'examen du prix des médicaments brevetés,Patented Medicine Prices Review Board Canada,Conseil d'examen du prix des médicaments brevetés Canada,Health Canada,Santé Canada,PMPRB,CEPMB,1.1,a
2284,Privy Council Office,Bureau du Conseil privé,Privy Council Office,Bureau du Conseil privé,Privy Council Office,Bureau du Conseil privé,Privy Council Office,Bureau du Conseil privé,PCO,BCP,1.1,a
2285,Public Health Agency of Canada,Agence de la santé publique du Canada,Public Health Agency of Canada,Agence de la santé publique du Canada,Public Health Agency of Canada,Agence de la santé publique du Canada,Health Canada,Santé Canada,PHAC,ASPC,1.1,a
2286,Public Service Commission of Canada,Commission de la fonction publique du Canada,Public Service Commission,Commission de la fonction publique,Public Service Commission of Canada,Commission de la fonction publique du Canada,Privy Council Office,Bureau du Conseil privé,PSC,CFP,1.1,a
2287,Registrar of the Supreme Court of Canada,Registraire de la Cour suprême du Canada,Registrar of the Supreme Court of Canada,Registraire de la Cour suprême du Canada,,,Department of Justice Canada,Ministère de la Justice Canada,SCC,CSC,1.1,a
2288,Royal Canadian Mounted Police,Gendarmerie royale du Canada,Royal Canadian Mounted Police,Gendarmerie royale du Canada,,,Public Safety Canada,Sécurité publique Canada,RCMP,GRC,1.1,a
2289,RCMP External Review Committee,Comité externe d'examen de la GRC,Royal Canadian Mounted Police External Review Committee,Comité externe d'examen de la Gendarmerie royale du Canada,RCMP External Review Committee,Comité externe d'examen de la GRC,Public Safety Canada,Sécurité publique Canada,ERC,CEE,1.1,a
2290,Civilian Review and Complaints Commission for the RCMP,Commission civile d'examen et de traitement des plaintes relatives à la GRC,Civilian Review and Complaints Commission for the Royal Canadian Mounted Police,Commission civile d'examen et de traitement des plaintes relatives à la Gendarmerie royale du Canada,Civilian Review and Complaints Commission for the RCMP,Commission civile d'examen et de traitement des plaintes relatives à la GRC,Public Safety Canada,Sécurité publique Canada,CRCC,CCETP,1.1,a
2291,National Security and Intelligence Review Agency Secretariat,Secrétariat de l'Office de surveillance des activités en matière de sécurité nationale et de renseignement,National Security and Intelligence Review Agency Secretariat,Secrétariat de l'Office de surveillance des activités en matière de sécurité nationale et de renseignement,,,Privy Council Office,Bureau du Conseil privé,,,1.1,a
2292,Shared Services Canada,Services partagés Canada,Shared Services Canada,Services partagés Canada,Shared Services Canada,Services partagés Canada,Public Services and Procurement Canada,Services publics et Approvisionnement Canada,SSC,SPC,1.1,a
2293,Statistics Canada,Statistique Canada,Statistics Canada,Statistique Canada,Statistics Canada,Statistique Canada,"Innovation, Science and Economic Development Canada","Innovation, Sciences et Développement économique Canada",StatCan,StatCan,1.1,a
2294,Veterans Review and Appeal Board,Tribunal des anciens combattants (révision et appel),Veterans Review and Appeal Board,Tribunal des anciens combattants (révision et appel),,,Veterans Affairs Canada,Anciens Combattants Canada,VRAB,TACRA,1.1,a
2295,Secretariat of the National Security and Intelligence Committee of Parliamentarians,Secrétariat du Comité des parlementaires sur la sécurité nationale et le renseignement,Secretariat of the National Security and Intelligence Committee of Parliamentarians,Secrétariat du Comité des parlementaires sur la sécurité nationale et le renseignement,Secretariat of the National Security and Intelligence Committee of Parliamentarians,Secrétariat du Comité des parlementaires sur la sécurité nationale et le renseignement,Privy Council Office,Bureau du Conseil privé,SNSICP,SCPSNR,1.1,a
2296,Leaders' Debates Commission,Commission des débats des chefs,Leaders' Debates Commission,Commission des débats des chefs,,,Privy Council Office,Bureau du Conseil privé,,,1.1,a
2297,Administrative Tribunals Support Service of Canada,Service canadien d'appui aux tribunaux administratifs,Administrative Tribunals Support Service of Canada,Service canadien d'appui aux tribunaux administratifs,Administrative Tribunals Support Service of Canada,Service canadien d'appui aux tribunaux administratifs,Department of Justice Canada,Ministère de la Justice Canada,ATSSC,SCDATA,1.1,a
2298,Pacific Economic Development Canada,Développement économique Canada pour le Pacifique,Pacific Economic Development Agency of Canada,Agence de développement économique du Pacifique Canada,Pacific Economic Development Canada,Développement économique Canada pour le Pacifique,,Ministre du Logement et de l'Infrastructure et ministre responsable de Développement économique Canada pour le Pacifique,PacifiCan,PacifiCan,1.1,a
2299,Federal Economic Development Agency for Northern Ontario,Agence fédérale de développement économique pour le Nord de l'Ontario,Federal Economic Development Agency for Northern Ontario,Agence fédérale de développement économique pour le Nord de l'Ontario,Federal Economic Development Agency for Northern Ontario,Agence fédérale de développement économique pour le Nord de l'Ontario,,Ministre de l'Emploi et des Familles et ministre responsable de l'Agence fédérale de développement économique pour le Nord de l'Ontario,FedNor,FedNor,1.1,a
2300,Canada Border Services Agency,Agence des services frontaliers du Canada,Canada Border Services Agency,Agence des services frontaliers du Canada,Canada Border Services Agency,Agence des services frontaliers du Canada,Public Safety Canada,Sécurité publique Canada,CBSA,ASFC,2,a
2301,Canada Emission Reduction Incentives Agency,Agence canadienne pour l'incitation à la réduction des émissions,Canada Emission Reduction Incentives Agency,Agence canadienne pour l'incitation à la réduction des émissions,,,Environment and Climate Change Canada,Environnement et Changement climatique Canada,,,2,a
2302,Canada Employment Insurance Commission,Commission de l'assurance-emploi du Canada,Canada Employment Insurance Commission,Commission de l'assurance-emploi du Canada,Canada Employment Insurance Commission,Commission de l'assurance-emploi du Canada,Employment and Social Development Canada,Emploi et Développement social Canada,CEIC,CAEC,2,a
2303,Canada Revenue Agency,Agence du revenu du Canada,Canada Revenue Agency,Agence du revenu du Canada,,,Canada Revenue Agency,Agence du revenu du Canada,CRA,ARC,2,a
2304,Canada School of Public Service,École de la fonction publique du Canada,Canada School of Public Service,École de la fonction publique du Canada,Canada School of Public Service,École de la fonction publique du Canada,Treasury Board of Canada Secretariat,Secrétariat du Conseil du Trésor du Canada,CSPS,EFPC,2,a
2305,Canadian Centre for Occupational Health and Safety,Centre canadien d'hygiène et de sécurité au travail,Canadian Centre for Occupational Health and Safety,Centre canadien d'hygiène et de sécurité au travail,,,Employment and Social Development Canada,Emploi et Développement social Canada,CCOHS,CCHST,2,a
2306,Canadian Food Inspection Agency,Agence canadienne d'inspection des aliments,Canadian Food Inspection Agency,Agence canadienne d'inspection des aliments,Canadian Food Inspection Agency,Agence canadienne d'inspection des aliments,Health Canada,Santé Canada,CFIA,ACIA,2,a
2307,Canadian Institutes of Health Research,Instituts de recherche en santé du Canada,Canadian Institutes of Health Research,Instituts de recherche en santé du Canada,,,Health Canada,Santé Canada,CIHR,IRSC,2,a
2308,Canadian Nuclear Safety Commission,Commission canadienne de sûreté nucléaire,Canadian Nuclear Safety Commission,Commission canadienne de sûreté nucléaire,Canadian Nuclear Safety Commission,Commission canadienne de sûreté nucléaire,Natural Resources Canada,Ressources naturelles Canada,CNSC,CCSN,2,a
2309,Transportation Safety Board of Canada,Bureau de la sécurité des transports du Canada,Canadian Transportation Accident Investigation and Safety Board,Bureau canadien d'enquête sur les accidents de transport et de la sécurité des transports,Transportation Safety Board of Canada,Bureau de la sécurité des transports du Canada,Privy Council Office,Bureau du Conseil privé,TSB,BST,2,a
2310,Law Commission of Canada,Commission du droit du Canada,Law Commission of Canada,Commission du droit du Canada,Law Commission of Canada,Commission du droit du Canada,Department of Justice Canada,Ministère de la Justice Canada,,,2,a
2311,The National Battlefields Commission,Commission des champs de bataille nationaux,The National Battlefields Commission,Commission des champs de bataille nationaux,The National Battlefields Commission,Commission des champs de bataille nationaux,Canadian Heritage,Patrimoine canadien,NBC,CCBN,2,a
2312,Canada Energy Regulator,Régie de l'énergie du Canada,Canadian Energy Regulator,Régie canadienne de l'énergie,Canada Energy Regulator,Régie de l'énergie du Canada,Natural Resources Canada,Ressources naturelles Canada,CER,REC,2,a
2313,National Research Council Canada,Conseil national de recherches Canada,National Research Council of Canada,Conseil national de recherches du Canada,National Research Council Canada,Conseil national de recherches Canada,"Innovation, Science and Economic Development Canada","Innovation, Sciences et Développement économique Canada",NRC,CNRC,2,a
2314,Natural Sciences and Engineering Research Council of Canada,Conseil de recherches en sciences naturelles et en génie du Canada,Natural Sciences and Engineering Research Council,Conseil de recherches en sciences naturelles et en génie,Natural Sciences and Engineering Research Council of Canada,Conseil de recherches en sciences naturelles et en génie du Canada,"Innovation, Science and Economic Development Canada","Innovation, Sciences et Développement économique Canada",NSERC,CRSNG,2,a
2315,Parks Canada,Parcs Canada,Parks Canada Agency,Agence Parcs Canada,Parks Canada,Parcs Canada,Environment and Climate Change Canada,Environnement et Changement climatique Canada,PC,PC,2,a
2316,Social Sciences and Humanities Research Council of Canada,Conseil de recherches en sciences humaines du Canada,Social Sciences and Humanities Research Council,Conseil de recherches en sciences humaines,Social Sciences and Humanities Research Council of Canada,Conseil de recherches en sciences humaines du Canada,"Innovation, Science and Economic Development Canada","Innovation, Sciences et Développement économique Canada",SSHRC,CRSH,2,a
2317,Invest in Canada Hub,Investir au Canada,Invest in Canada Hub,Investir au Canada,,,Global Affairs Canada,Affaires mondiales Canada,,,2,a
2318,Polar Knowledge Canada,Savoir polaire Canada,Canadian High Arctic Research Station,Station canadienne de recherche dans l'Extrême-Arctique,Polar Knowledge Canada,Savoir polaire Canada,Crown-Indigenous Relations and Northern Affairs Canada,Relations Couronne-Autochtones et Affaires du Nord Canada,POLAR,POLAIRE,2,a
2319,Accessibility Standards Canada,Normes d'accessibilité Canada,Canadian Accessibility Standards Development Organization,Organisation canadienne d'élaboration de normes d'accessibilité,Accessibility Standards Canada,Normes d'accessibilité Canada,,,ASC,NAC,2,a
2396,Canadian Radio-television and Telecommunications Commission,Conseil de la radiodiffusion et des télécommunications canadiennes,Canadian Radio-television and Telecommunications Commission,Conseil de la radiodiffusion et des télécommunications canadiennes,Canadian Radio-television and Telecommunications Commission,Conseil de la radiodiffusion et des télécommunications canadiennes,Canadian Heritage,Patrimoine canadien,CRTC,CRTC,1.1,a
3399,African Development Bank,Banque africaine de développement,African Development Bank,Banque africaine de développement,,,,,,,,a
3400,Asian Development Bank,Banque asiatique de développement,Asian Development Bank,Banque asiatique de développement,,,,,,,,a
3401,Caribbean Development Bank,Banque de développement des Caraïbes,Caribbean Development Bank,Banque de développement des Caraïbes,,,,,,,,a
3402,European Bank for Reconstruction and Development,Banque européenne pour la reconstruction et le développement,European Bank for Reconstruction and Development,Banque européenne pour la reconstruction et le développement,,,,,,,,a
3403,Inter-American Development Bank,Banque interaméricaine de développement,Inter-American Development Bank,Banque interaméricaine de développement,,,,,,,,a
3404,International Bank for Reconstruction and Development,Banque internationale pour la reconstruction et le développement,International Bank for Reconstruction and Development,Banque internationale pour la reconstruction et le développement,,,,,,,,a
3405,International Development Association,Association internationale de développement,International Development Association,Association internationale de développement,,,,,,,,a
3406,International Finance Corporation,Société financière internationale,International Finance Corporation,Société financière internationale,,,,,,,,a
3407,International Joint Commission (Canadian Section),Commission mixte internationale (section canadienne),International Joint Commission (Canadian Section),Commission mixte internationale (section canadienne),,,,,,,4,a
3408,International Lake Memphremagog Levels Board,Commission internationale du lac Memphrémagog,International Lake Memphremagog Levels Board,Commission internationale du lac Memphrémagog,,,,,,,,a
3409,International Lake of the Woods Control Board,Conseil international de contrôle du lac des Bois,International Lake of the Woods Control Board,Conseil international de contrôle du lac des Bois,,,,,,,,a
3410,International Monetary Fund,Fonds monétaire international,International Monetary Fund,Fonds monétaire international,,,,,,,,a
3411,Multilateral Investment Guarantee Agency,Agence multilatérale de garantie des investissements,Multilateral Investment Guarantee Agency,Agence multilatérale de garantie des investissements,,,,,,,,a
3412,Joint Public Advisory Committee (JPAC) of the Commission for Environmental Cooperation (CEC),Comité consultatif public mixte (CCPM) de la Commission de coopération environnementale (CCE),Joint Public Advisory Committee (JPAC) of the Commission for Environmental Cooperation (CEC),Comité consultatif public mixte (CCPM) de la Commission de coopération environnementale (CCE),,,,,,,,a
3413,World Anti-Doping Agency,Agence mondiale antidopage,World Anti-Doping Agency,Agence mondiale antidopage,,,,,,,,a
3414,Asian Infrastructure Investment Bank,Banque asiatique d'investissement dans les infrastructures,Asian Infrastructure Investment Bank,Banque asiatique d'investissement dans les infrastructures,,,,,,,,a
3415,Lower Churchill Development Corporation Limited,Lower Churchill Development Corporation Limited,Lower Churchill Development Corporation Limited,Lower Churchill Development Corporation Limited,,,,,,,,a
3416,North Portage Development Corporation (operating as The Forks North Portage Partnership),North Portage Development Corporation (exploitée sous le nom de The Forks North Portage Partnership),North Portage Development Corporation (operating as The Forks North Portage Partnership),North Portage Development Corporation (exploitée sous le nom de The Forks North Portage Partnership),,,,,,,,a
3417,Communication Canada,Communication Canada,Communication Canada,Communication Canada,,,,,,,4,a
3418,Office of the Superintendent of Bankruptcy,Bureau du surintendant des faillites,Office of the Superintendent of Bankruptcy,Bureau du surintendant des faillites,,,,,,,4,a
3419,Prairie Farm Rehabilitation Administration,Administration du rétablissement agricole des Prairies,Prairie Farm Rehabilitation Administration,Administration du rétablissement agricole des Prairies,,,,,,,4,a
3420,Commissioner of Canada Election,Commissaire aux élections fédérales,Commissioner of Canada Election,Commissaire aux élections fédérales,,,,,,,,a
3421,Canada Investment and Savings,Placements Épargne Canada,Canada Investment and Savings,Placements Épargne Canada,,,,,,,5,a
3422,Director of Soldier Settlement,Directeur de l'établissement de soldats,Director of Soldier Settlement,Directeur de l'établissement de soldats,,,,,,,4,a
3423,"The Director, The Veterans' Land Act",Directeur des terres destinées aux anciens combattants,"The Director, The Veterans' Land Act",Directeur des terres destinées aux anciens combattants,,,,,,,4,a
3424,Energy Supplies Allocation Board,Office de répartition des approvisionnements d'énergie,Energy Supplies Allocation Board,Office de répartition des approvisionnements d'énergie,,,Natural Resources Canada,Ressources naturelles Canada,,,4,a
3425,"Staff of the Non-Public Funds, Canadian Forces","Personnel des fonds non publics, Forces canadiennes","Staff of the Non-Public Funds, Canadian Forces","Personnel des fonds non publics, Forces canadiennes",,,,,,,5,a
3426,Statistics Survey Operations,Opérations des enquêtes statistiques,Statistics Survey Operations,Opérations des enquêtes statistiques,,,,,,,,a
3427,Federal Judges not part of any department,Juges fédéraux ne faisant pas partie d'un ministère,Federal Judges not part of any department,Juges fédéraux ne faisant pas partie d'un ministère,,,,,,,,a
3428,House of Commons,Chambre des communes,House of Commons,Chambre des communes,,,,,,,,a
3429,Library of Parliament,Bibliothèque du Parlement,Library of Parliament,Bibliothèque du Parlement,,,,,,,,a
3430,Office of the Conflict of Interest and Ethics Commissioner,Commissariat aux conflits d'intérêts et à l'éthique,Office of the Conflict of Interest and Ethics Commissioner,Commissariat aux conflits d'intérêts et à l'éthique,,,,,,,,a
3431,Senate Ethics Officer,Conseiller sénatorial en éthique,Senate Ethics Officer,Conseiller sénatorial en éthique,,,,,,,,a
3432,Senate,Sénat,Senate,Sénat,,,,,,,,a
3433,Office of the Parliamentary Budget Officer,Bureau du directeur parlementaire du budget,Office of the Parliamentary Budget Officer,Bureau du directeur parlementaire du budget,,,,,,,,a
3434,Parliamentary Protective Service,Service de protection parlementaire,Parliamentary Protective Service,Service de protection parlementaire,,,,,,,,a
3435,Aéroport de Québec Inc.,Aéroport de Québec Inc.,Aéroport de Québec Inc.,Aéroport de Québec Inc.,,,,,,,,a
3436,Aéroports de Montréal,Aéroports de Montréal,Aéroports de Montréal,Aéroports de Montréal,,,,,,,,a
3437,Asia-Pacific Foundation of Canada,Fondation Asie-Pacifique du Canada,Asia-Pacific Foundation of Canada,Fondation Asie-Pacifique du Canada,,,,,,,,a
3438,Association of Canada Lands Surveyors,Association des Arpenteurs des Terres du Canada,Association of Canada Lands Surveyors,Association des Arpenteurs des Terres du Canada,,,,,,,,a
3439,Belledune Port Authority,Administration portuaire de Belledune,Belledune Port Authority,Administration portuaire de Belledune,,,,,,,,a
3440,Buffalo and Fort Erie Public Bridge Authority,Buffalo and Fort Erie Public Bridge Authority,Buffalo and Fort Erie Public Bridge Authority,Buffalo and Fort Erie Public Bridge Authority,,,,,,,,a
3441,Calgary Airport Authority,Administration aéroportuaire de Calgary,Calgary Airport Authority,Administration aéroportuaire de Calgary,,,,,,,,a
3442,WinSport,WinSport,WinSport,WinSport,,,,,,,,a
3443,Canada Foundation for Innovation,Fondation canadienne pour l'innovation,Canada Foundation for Innovation,Fondation canadienne pour l'innovation,,,,,,,,a
3444,Canada Foundation for Sustainable Development Technology,Fondation du Canada pour l'appui technologique au développement durable,Canada Foundation for Sustainable Development Technology,Fondation du Canada pour l'appui technologique au développement durable,,,,,,,,a
3445,Canada Games Council,Conseil des Jeux du Canada,Canada Games Council,Conseil des Jeux du Canada,,,,,,,,a
3446,Canada Health Infoway Inc.,Inforoute Santé du Canada Inc.,Canada Health Infoway Inc.,Inforoute Santé du Canada Inc.,,,,,,,,a
3447,Canada Media Fund,Fonds des médias du Canada,Canada Media Fund,Fonds des médias du Canada,,,,,,,,a
3448,Canada-Newfoundland and Labrador Offshore Petroleum Board,Office Canada-Terre-Neuve-et-Labrador des hydrocarbures extracôtiers,Canada-Newfoundland and Labrador Offshore Petroleum Board,Office Canada-Terre-Neuve-et-Labrador des hydrocarbures extracôtiers,,,,,,,,a
3449,Canada-Nova Scotia Offshore Energy Regulator,Régie Canada-Nouvelle-Écosse de l'énergie extracôtière,Canada-Nova Scotia Offshore Energy Regulator,Régie Canada-Nouvelle-Écosse de l'énergie extracôtière,,,,,,,,a
3450,Canadian Agency for Drugs and Technologies in Health (CADTH),Agence canadienne des médicaments et des technologies de la santé (ACMTS),Canadian Agency for Drugs and Technologies in Health (CADTH),Agence canadienne des médicaments et des technologies de la santé (ACMTS),,,,,,,,a
3451,Canadian Centre on Substance Use and Addictions,Centre canadien sur les dépendances et l'usage de substances,Canadian Centre on Substance Use and Addictions,Centre canadien sur les dépendances et l'usage de substances,,,,,,,,a
3452,Canadian Energy Research Institute,Canadian Energy Research Institute,Canadian Energy Research Institute,Canadian Energy Research Institute,,,,,,,,d
3453,Canadian Institute for Health Information (CIHI),Institut canadien d'information sur la santé (ICIS),Canadian Institute for Health Information (CIHI),Institut canadien d'information sur la santé (ICIS),,,,,,,,a
3454,Canadian Livestock Records Corporation,Société canadienne d'enregistrement des animaux,Canadian Livestock Records Corporation,Société canadienne d'enregistrement des animaux,,,,,,,,a
3455,Canadian Partnership Against Cancer Corporation (CPAC),Partenariat canadien contre le cancer (PCC),Canadian Partnership Against Cancer Corporation (CPAC),Partenariat canadien contre le cancer (PCC),,,,,,,,a
3456,Canadian Patient Safety Institute (CPSI),Institut canadien pour la sécurité des patients (ICSP),Canadian Patient Safety Institute (CPSI),Institut canadien pour la sécurité des patients (ICSP),,,,,,,,d
3457,Canadian Sport Institute Ontario,Institut canadien du sport Ontario,Canadian Sport Institute Ontario,Institut canadien du sport Ontario,,,,,,,,a
3458,Charlottetown Airport Authority Inc.,Charlottetown Airport Authority Inc.,Charlottetown Airport Authority Inc.,Charlottetown Airport Authority Inc.,,,,,,,,a
3459,Coaching Association of Canada,Association canadienne des entraîneurs,Coaching Association of Canada,Association canadienne des entraîneurs,,,,,,,,a
3461,Edmonton Regional Airports Authority,Edmonton Regional Airports Authority,Edmonton Regional Airports Authority,Edmonton Regional Airports Authority,,,,,,,,a
3462,Fredericton International Airport Authority Inc.,Fredericton International Airport Authority Inc.,Fredericton International Airport Authority Inc.,Fredericton International Airport Authority Inc.,,,,,,,,a
3463,Gander International Airport Authority Inc.,Gander International Airport Authority Inc.,Gander International Airport Authority Inc.,Gander International Airport Authority Inc.,,,,,,,,a
3464,Greater London International Airport Authority,Greater London International Airport Authority,Greater London International Airport Authority,Greater London International Airport Authority,,,,,,,,a
3465,Greater Moncton International Airport Authority Inc.,Greater Moncton International Airport Authority Inc.,Greater Moncton International Airport Authority Inc.,Greater Moncton International Airport Authority Inc.,,,,,,,,a
3466,Greater Toronto Airports Authority,Autorité aéroportuaire du Grand Toronto,Greater Toronto Airports Authority,Autorité aéroportuaire du Grand Toronto,,,,,,,,a
3467,Halifax International Airport Authority,Administration de l'aéroport international d'Halifax,Halifax International Airport Authority,Administration de l'aéroport international d'Halifax,,,,,,,,a
3468,Halifax Port Authority,Administration portuaire d'Halifax,Halifax Port Authority,Administration portuaire d'Halifax,,,,,,,,a
3469,Hamilton Port Authority,Administration portuaire de Hamilton,Hamilton Port Authority,Administration portuaire de Hamilton,,,,,,,,a
3470,Institut national du sport du Québec,Institut national du sport du Québec,Institut national du sport du Québec,Institut national du sport du Québec,,,,,,,,a
3471,Internal Trade Secretariat Corporation,Corporation du Secrétariat du commerce intérieur,Internal Trade Secretariat Corporation,Corporation du Secrétariat du commerce intérieur,,,,,,,,a
3472,International Fisheries Commissions Pension Society,Société de caisse de retraite de la Commission internationale des pêcheries,International Fisheries Commissions Pension Society,Société de caisse de retraite de la Commission internationale des pêcheries,,,,,,,,a
3473,Lake of the Woods Control Board,Commission de contrôle du lac des Bois,Lake of the Woods Control Board,Commission de contrôle du lac des Bois,,,,,,,,a
3474,Maritime Forestry Complex Corporation,Société du complexe forestier des Maritimes,Maritime Forestry Complex Corporation,Société du complexe forestier des Maritimes,,,,,,,,a
3475,Mental Health Commission of Canada (MHCC),Commission de la santé mentale du Canada (CSMC),Mental Health Commission of Canada (MHCC),Commission de la santé mentale du Canada (CSMC),,,,,,,,a
3476,Milit-Air Inc.,Milit-Air Inc.,Milit-Air Inc.,Milit-Air Inc.,,,,,,,,a
3477,Montréal Port Authority,Administration portuaire de Montréal,Montréal Port Authority,Administration portuaire de Montréal,,,,,,,,a
3478,Nanaimo Port Authority,Administration portuaire de Nanaimo,Nanaimo Port Authority,Administration portuaire de Nanaimo,,,,,,,,a
3479,"Nature Trust of British Columbia, The","Nature Trust of British Columbia, The","Nature Trust of British Columbia, The","Nature Trust of British Columbia, The",,,,,,,,a
3480,NAV CANADA,NAV CANADA,NAV CANADA,NAV CANADA,,,,,,,,a
3481,Oshawa Port Authority,Administration portuaire d'Oshawa,Oshawa Port Authority,Administration portuaire d'Oshawa,,,,,,,,a
3482,Ottawa International Airport Authority,Administration de l'aéroport international d'Ottawa,Ottawa International Airport Authority,Administration de l'aéroport international d'Ottawa,,,,,,,,a
3483,Ouranos Consortium,Consortium Ouranos,Ouranos Consortium,Consortium Ouranos,,,,,,,,a
3484,"Pierre Elliott Trudeau Foundation, The","Fondation Pierre Elliott Trudeau, La","Pierre Elliott Trudeau Foundation, The","Fondation Pierre Elliott Trudeau, La",,,,,,,,a
3485,Porcupine Caribou Management Board,Porcupine Caribou Management Board,Porcupine Caribou Management Board,Porcupine Caribou Management Board,,,,,,,,a
3486,Port Alberni Port Authority,Administration portuaire de Port Alberni,Port Alberni Port Authority,Administration portuaire de Port Alberni,,,,,,,,a
3488,Prince George Airport Authority Inc.,Prince George Airport Authority Inc.,Prince George Airport Authority Inc.,Prince George Airport Authority Inc.,,,,,,,,a
3489,Prince Rupert Port Authority,Administration portuaire de Prince Rupert,Prince Rupert Port Authority,Administration portuaire de Prince Rupert,,,,,,,,a
3490,Québec Port Authority,Administration portuaire de Québec,Québec Port Authority,Administration portuaire de Québec,,,,,,,,a
3491,Regina Airport Authority Inc.,Regina Airport Authority Inc.,Regina Airport Authority Inc.,Regina Airport Authority Inc.,,,,,,,,a
3492,Roosevelt Campobello International Park Commission,Commission du parc international Roosevelt de Campobello,Roosevelt Campobello International Park Commission,Commission du parc international Roosevelt de Campobello,,,,,,,,a
3493,Saguenay Port Authority,Administration portuaire du Saguenay,Saguenay Port Authority,Administration portuaire du Saguenay,,,,,,,,a
3494,Saint John Airport Inc.,Saint John Airport Inc.,Saint John Airport Inc.,Saint John Airport Inc.,,,,,,,,a
3495,Saint John Port Authority,Administration portuaire de Saint John,Saint John Port Authority,Administration portuaire de Saint John,,,,,,,,a
3496,Saskatoon Airport Authority,Saskatoon Airport Authority,Saskatoon Airport Authority,Saskatoon Airport Authority,,,,,,,,a
3497,Sept-Îles Port Authority,Administration portuaire de Sept-Îles,Sept-Îles Port Authority,Administration portuaire de Sept-Îles,,,,,,,,a
3498,Sport Dispute Resolution Centre of Canada,Centre de règlement des différends sportifs du Canada,Sport Dispute Resolution Centre of Canada,Centre de règlement des différends sportifs du Canada,,,,,,,,a
3499,St. John's International Airport Authority,St. John's International Airport Authority,St. John's International Airport Authority,St. John's International Airport Authority,,,,,,,,a
3500,St. John's Port Authority,Administration portuaire de St. John's,St. John's Port Authority,Administration portuaire de St. John's,,,,,,,,a
3501,St. Lawrence Seaway Management Corporation,Corporation de gestion de la Voie maritime du Saint-Laurent,St. Lawrence Seaway Management Corporation,Corporation de gestion de la Voie maritime du Saint-Laurent,,,,,,,,a
3502,Terry Fox Humanitarian Award Inc.,Prix humanitaire Terry Fox inc.,Terry Fox Humanitarian Award Inc.,Prix humanitaire Terry Fox inc.,,,,,,,,a
3503,Thunder Bay International Airports Authority Inc.,Thunder Bay International Airports Authority Inc.,Thunder Bay International Airports Authority Inc.,Thunder Bay International Airports Authority Inc.,,,,,,,,a
3504,Thunder Bay Port Authority,Administration portuaire de Thunder Bay,Thunder Bay Port Authority,Administration portuaire de Thunder Bay,,,,,,,,a
3506,Toronto Port Authority,Administration portuaire de Toronto,Toronto Port Authority,Administration portuaire de Toronto,,,,,,,,a
3507,Trois-Rivières Port Authority,Administration portuaire de Trois-Rivières,Trois-Rivières Port Authority,Administration portuaire de Trois-Rivières,,,,,,,,a
3508,TV5 Québec Canada,TV5 Québec Canada,TV5 Québec Canada,TV5 Québec Canada,,,,,,,,a
3509,Vancouver Fraser Port Authority,Administration portuaire de Vancouver Fraser,Vancouver Fraser Port Authority,Administration portuaire de Vancouver Fraser,,,,,,,,a
3510,Vancouver International Airport Authority,Administration de l'Aéroport de Vancouver,Vancouver International Airport Authority,Administration de l'Aéroport de Vancouver,,,,,,,,a
3511,Victoria Airport Authority,Autorité aéroportuaire de Victoria,Victoria Airport Authority,Autorité aéroportuaire de Victoria,,,,,,,,a
3512,Waterfront Toronto,Waterfront Toronto,Waterfront Toronto,Waterfront Toronto,,,,,,,,a
3513,Wildlife Habitat Canada,Habitat faunique Canada,Wildlife Habitat Canada,Habitat faunique Canada,,,,,,,,a
3514,Windsor Port Authority,Administration portuaire de Windsor,Windsor Port Authority,Administration portuaire de Windsor,,,,,,,,a
3515,Winnipeg Airports Authority Inc.,Winnipeg Airports Authority Inc.,Winnipeg Airports Authority Inc.,Winnipeg Airports Authority Inc.,,,,,,,,a
3516,Canadian Foundation for Healthcare Improvement (CFHI),Fondation canadienne pour l'amélioration des services de santé (FCASS),Canadian Foundation for Healthcare Improvement (CFHI),Fondation canadienne pour l'amélioration des services de santé (FCASS),,,,,,,,d
3517,Healthcare Excellence Canada (HEC),Excellence en santé Canada (ESC),Healthcare Excellence Canada (HEC),Excellence en santé Canada (ESC),,,,,,,,a
3518,Aboriginal Healing Foundation,Fondation autochtone de guérison,Aboriginal Healing Foundation,Fondation autochtone de guérison,,,,,,,,d
3519,Canada Commonwealth Legacy Fund,Fonds du legs des Jeux du Commonwealth,Canada Commonwealth Legacy Fund,Fonds du legs des Jeux du Commonwealth,,,,,,,,d
3520,Canadian Foundation for Climate and Atmospheric Sciences,Fondation canadienne pour les sciences du climat et de l'atmosphère,Canadian Foundation for Climate and Atmospheric Sciences,Fondation canadienne pour les sciences du climat et de l'atmosphère,,,,,,,,d
3521,Canadian International Grains Institute,Institut international du Canada pour le grain,Canadian International Grains Institute,Institut international du Canada pour le grain,,,,,,,,d
3522,"Canadian Wheat Board, The","Commission canadienne du blé, La","Canadian Wheat Board, The","Commission canadienne du blé, La",,,,,,,,d
3523,Centre national multisport-Montréal,Centre national multisport – Montréal,Centre national multisport-Montréal,Centre national multisport – Montréal,,,,,,,,d
3524,First Nations Financial Management Board,Conseil de gestion financière des premières nations,First Nations Financial Management Board,Conseil de gestion financière des premières nations,,,,,,,,d
3525,First Nations Tax Commission,Commission de la fiscalité des premières nations,First Nations Tax Commission,Commission de la fiscalité des premières nations,,,,,,,,d
3526,Health Council of Canada,Conseil canadien de la santé,Health Council of Canada,Conseil canadien de la santé,,,,,,,,d
3527,International Centre for Human Rights and Democratic Development,Centre international des droits de la personne et du développement démocratique,International Centre for Human Rights and Democratic Development,Centre international des droits de la personne et du développement démocratique,,,,,,,,d
3528,PrioNet Canada,PrioNet Canada,PrioNet Canada,PrioNet Canada,,,,,,,,d
3531,Last Post Fund,Fonds du Souvenir,Last Post Fund,Fonds du Souvenir,,,,,,,,t
3532,"Vanier Institute of the Family, The",L'Institut Vanier de la famille,"Vanier Institute of the Family, The",L'Institut Vanier de la famille,,,,,,,,t
3533,Canadian Coast Guard,Garde côtière canadienne,Canadian Coast Guard,Garde côtière canadienne,,,Fisheries and Oceans Canada,Pêches et Océans Canada,,,,a
3534,Canadian Conservation Institute,Institut canadien de conservation,Canadian Conservation Institute,Institut canadien de conservation,,,Canadian Heritage,Patrimoine canadien,,,,a
3535,Canadian Forces Housing Agency,Agence de logement des Forces canadiennes,Canadian Forces Housing Agency,Agence de logement des Forces canadiennes,,,National Defence,Défense nationale,,,,a
3536,Canadian Heritage Information Network,Réseau canadien d'information sur le patrimoine,Canadian Heritage Information Network,Réseau canadien d'information sur le patrimoine,,,Canadian Heritage,Patrimoine canadien,,,,a
3537,Canadian Intellectual Property Office,Office de la propriété intellectuelle du Canada,Canadian Intellectual Property Office,Office de la propriété intellectuelle du Canada,,,"Innovation, Science and Economic Development Canada","Innovation, Sciences et Développement économique Canada",,,,a
3538,Canadian Pari-Mutuel Agency,Agence canadienne du pari mutuel,Canadian Pari-Mutuel Agency,Agence canadienne du pari mutuel,,,Agriculture and Agri-Food Canada,Agriculture et Agroalimentaire Canada,,,,a
3539,CORCAN,CORCAN,CORCAN,CORCAN,,,Public Safety Canada,Sécurité publique Canada,,,,a
3540,Defence Research and Development Canada,Recherche et développement pour la défense Canada,Defence Research and Development Canada,Recherche et développement pour la défense Canada,,,National Defence,Défense nationale,,,,a
3541,Indian Oil and Gas Canada,Pétrole et gaz des Indiens du Canada,Indian Oil and Gas Canada,Pétrole et gaz des Indiens du Canada,,,Crown-Indigenous Relations and Northern Affairs Canada,Relations Couronne-Autochtones et Affaires du Nord Canada,,,5,a
3542,Measurement Canada,Mesures Canada,Measurement Canada,Mesures Canada,,,"Innovation, Science and Economic Development Canada","Innovation, Sciences et Développement économique Canada",,,,a
3543,Physical Resources Bureau,Direction générale des biens,Physical Resources Bureau,Direction générale des biens,,,,,,,,a
3544,Translation Bureau,Bureau de la traduction,Translation Bureau,Bureau de la traduction,,,Public Services and Procurement Canada,Services publics et Approvisionnement Canada,,,,a
3545,Consulting and Audit Canada Revolving Fund,Fonds renouvelable de Conseils et Vérification Canada,Consulting and Audit Canada Revolving Fund,Fonds renouvelable de Conseils et Vérification Canada,,,,,,,,d
3546,Industrial Technologies Office,Office des technologies industrielles,Industrial Technologies Office,Office des technologies industrielles,,,"Innovation, Science and Economic Development Canada","Innovation, Sciences et Développement économique Canada",,,,t
3547,Passport Canada,Passeport Canada,Passport Canada,Passeport Canada,,,,,,,,t
3548,Payroll System General Ledger,Grand livre général du système de la paye,Payroll System General Ledger,Grand livre général du système de la paye,,,,,,,,a
3549,Public Service Superannuation,Pension de retraite de la fonction publique,Public Service Superannuation,Pension de retraite de la fonction publique,,,,,,,,a
3552,Bank of Canada Museum,Musée de la Banque du Canada,Bank of Canada Museum,Musée de la Banque du Canada,,,,,,,,a
3553,Canada Agriculture and Food Museum,Musée de l'agriculture et de l'alimentation du Canada,Canada Agriculture and Food Museum,Musée de l'agriculture et de l'alimentation du Canada,,,,,,,,a
3554,Canada Aviation and Space Museum,Musée de l'aviation et de l'espace du Canada,Canada Aviation and Space Museum,Musée de l'aviation et de l'espace du Canada,,,,,,,,a
3555,Canada Firearms Centre,Centre des armes à feu Canada,Canada Firearms Centre,Centre des armes à feu Canada,,,,,,,,a
3556,Canada Research Chairs,Chaires de recherche du Canada,Canada Research Chairs,Chaires de recherche du Canada,,,,,,,,a
3557,Canadian Army,Armée canadienne,Canadian Army,Armée canadienne,,,National Defence,Défense nationale,,,,a
3558,Canadian Judicial Council,Conseil canadien de la magistrature,Canadian Judicial Council,Conseil canadien de la magistrature,,,,,,,,a
3559,Canadian Special Operations Forces Command,Commandement des Forces d'opérations spéciales du Canada,Canadian Special Operations Forces Command,Commandement des Forces d'opérations spéciales du Canada,,,,,,,,a
3560,Canadian Trade Commissioner Service,Service des délégués commerciaux du Canada,Canadian Trade Commissioner Service,Service des délégués commerciaux du Canada,,,,,,,,a
3561,Canadian War Museum,Musée canadien de la guerre,Canadian War Museum,Musée canadien de la guerre,,,,,,,,a
3562,Communications Research Centre Canada,Centre de recherches sur les communications Canada,Communications Research Centre Canada,Centre de recherches sur les communications Canada,,,,,,,,a
3563,Competition Bureau Canada,Bureau de la concurrence Canada,Competition Bureau Canada,Bureau de la concurrence Canada,,,,,,,,a
3564,Competition Tribunal,Tribunal de la concurrence,Competition Tribunal,Tribunal de la concurrence,,,"Innovation, Science and Economic Development Canada","Innovation, Sciences et Développement économique Canada",,,,a
3565,Court Martial Appeal Court of Canada,Cour d'appel de la cour martiale du Canada,Court Martial Appeal Court of Canada,Cour d'appel de la cour martiale du Canada,,,,,,,,a
3566,Democratic Institutions,Institutions démocratiques,Democratic Institutions,Institutions démocratiques,,,,,,,,a
3568,Environmental Protection Review Canada,Révision de la protection de l'environnement Canada,Environmental Protection Review Canada,Révision de la protection de l'environnement Canada,,,,,,,,a
3569,Federal Court of Appeal,Cour d'appel fédérale,Federal Court of Appeal,Cour d'appel fédérale,,,,,,,,a
3570,Federal Court of Canada,Cour fédérale,Federal Court of Canada,Cour fédérale,,,,,,,,a
3571,Office of the Federal Ombudsperson for Victims Of Crime,Bureau de l'ombudsman fédéral des victimes d'actes criminels,Office of the Federal Ombudsperson for Victims Of Crime,Bureau de l'ombudsman fédéral des victimes d'actes criminels,,,Department of Justice Canada,Ministère de la Justice Canada,,,,a
3572,Historic Sites and Monuments Board of Canada,Commission des lieux et monuments historiques du Canada,Historic Sites and Monuments Board of Canada,Commission des lieux et monuments historiques du Canada,,,,,,,,a
3573,Independent Review Panel for Defence Acquisition,Commission indépendante d'examen des acquisitions de la Défense,Independent Review Panel for Defence Acquisition,Commission indépendante d'examen des acquisitions de la Défense,,,,,,,,a
3574,Intergovernmental Affairs,Affaires intergouvernementales,Intergovernmental Affairs,Affaires intergouvernementales,,,,,,,,a
3575,Judicial Compensation and Benefits Commission,Commission d'examen de la rémunération des juges,Judicial Compensation and Benefits Commission,Commission d'examen de la rémunération des juges,,,,,,,,a
3577,Leader of the Government in the House of Commons,Leader du gouvernement à la Chambre des communes,Leader of the Government in the House of Commons,Leader du gouvernement à la Chambre des communes,,,,,,,,a
3578,Management Advisory Board for the RCMP,Conseil consultatif de gestion pour la GRC,Management Advisory Board for the RCMP,Conseil consultatif de gestion pour la GRC,,,,,,,,a
3579,National Security and Intelligence Review Agency,Office de surveillance des activités en matière de sécurité nationale et de renseignement,National Security and Intelligence Review Agency,Office de surveillance des activités en matière de sécurité nationale et de renseignement,,,,,,,,a
3580,National Seniors Council,Conseil national des aînés,National Seniors Council,Conseil national des aînés,,,,,,,,a
3581,Occupational Health and Safety Tribunal Canada,Tribunal de santé et sécurité au travail Canada,Occupational Health and Safety Tribunal Canada,Tribunal de santé et sécurité au travail Canada,,,,,,,,a
3582,Office of the Chief Military Judge,Le cabinet du juge militaire en chef,Office of the Chief Military Judge,Le cabinet du juge militaire en chef,,,,,,,,a
3583,Office of the Ombudsman for the Department of National Defence and the Canadian Armed Forces,Bureau de l'ombudsman de la Défense nationale et des Forces armées canadiennes,Office of the Ombudsman for the Department of National Defence and the Canadian Armed Forces,Bureau de l'ombudsman de la Défense nationale et des Forces armées canadiennes,,,,,,,,a
3584,Parliament of Canada,Parlement du Canada,Parliament of Canada,Parlement du Canada,,,,,,,,a
3585,Office of the Procurement Ombudsman,Bureau de l'ombudsman de l'approvisionnement,Office of the Procurement Ombudsman,Bureau de l'ombudsman de l'approvisionnement,,,Public Services and Procurement Canada,Services publics et Approvisionnement Canada,,,,a
3586,Prime Minister of Canada,Premier ministre du Canada,Prime Minister of Canada,Premier ministre du Canada,,,Privy Council Office,Bureau du Conseil privé,,,,a
3587,Public Servants Disclosure Protection Tribunal Canada,Tribunal de la protection des fonctionnaires divulgateurs Canada,Public Servants Disclosure Protection Tribunal Canada,Tribunal de la protection des fonctionnaires divulgateurs Canada,,,Privy Council Office,Bureau du Conseil privé,,,,a
3588,Royal Canadian Air Force,Aviation royale canadienne,Royal Canadian Air Force,Aviation royale canadienne,,,,,,,,a
3589,Royal Canadian Navy,Marine royale canadienne,Royal Canadian Navy,Marine royale canadienne,,,,,,,,a
3590,Royal Military College of Canada,Collège militaire royal du Canada,Royal Military College of Canada,Collège militaire royal du Canada,,,,,,,,a
3591,Service Canada,Service Canada,Service Canada,Service Canada,,,,,,,,a
3593,Tax Court of Canada,Cour canadienne de l'impôt,Tax Court of Canada,Cour canadienne de l'impôt,,,,,,,,a
3594,Office of the Taxpayers' Ombudsperson,Bureau de l'ombudsman des contribuables,Office of the Taxpayers' Ombudsperson,Bureau de l'ombudsman des contribuables,,,Canada Revenue Agency,Agence du revenu du Canada,,,,a
3595,Office of the Veterans' Ombudsman,Bureau de l'ombud des vétérans,Office of the Veterans' Ombudsman,Bureau de l'ombud des vétérans,,,Veterans Affairs Canada,Anciens Combattants Canada,,,,a
3596,Virtual Museum of Canada,Musée virtuel du Canada,Virtual Museum of Canada,Musée virtuel du Canada,,,,,,,,a
3599,Aboriginal Business Canada,Entreprise autochtone Canada,Aboriginal Business Canada,Entreprise autochtone Canada,,,,,,,,a
3600,"Appeal Board, Hazardous Materials Information Review Act","Commission d'appel, Loi sur le contrôle des renseignements relatifs aux matières dangereuses","Appeal Board, Hazardous Materials Information Review Act","Commission d'appel, Loi sur le contrôle des renseignements relatifs aux matières dangereuses",,,,,,,,a
3601,Canada Centre for Inland Waters,Centre canadien des eaux intérieures,Canada Centre for Inland Waters,Centre canadien des eaux intérieures,,,,,,,,a
3602,Canadian Museum of Contemporary Photography,Musée canadien de la photographie contemporaine,Canadian Museum of Contemporary Photography,Musée canadien de la photographie contemporaine,,,,,,,,a
3603,Environmental Protection Tribunal of Canada,Tribunal de la protection de I'environnement du Canada,Environmental Protection Tribunal of Canada,Tribunal de la protection de I'environnement du Canada,,,,,,,,a
3604,Geographical Names Board of Canada,La Commission de toponymie du Canada,Geographical Names Board of Canada,La Commission de toponymie du Canada,,,,,,,,a
3605,Geological Survey of Canada,Commission géologique du Canada,Geological Survey of Canada,Commission géologique du Canada,,,,,,,,a
3606,Geomatics Canada,Géomatique Canada,Geomatics Canada,Géomatique Canada,,,,,,,,a
3607,Indian Residential Schools Resolution Canada,Résolution des questions des pensionnats indiens Canada,Indian Residential Schools Resolution Canada,Résolution des questions des pensionnats indiens Canada,,,,,,,,a
3608,National Advisory Council on Aging,Conseil consultatif national sur le troisième âge,National Advisory Council on Aging,Conseil consultatif national sur le troisième âge,,,,,,,,a
3609,National Advisory Council on Poverty,Conseil national du Bien-être,National Advisory Council on Poverty,Conseil national du Bien-être,,,,,,,,a
3611,Office of the Chief Science Advisor of Canada,Bureau du conseiller scientifique en chef du Canada,Office of the Chief Science Advisor of Canada,Bureau du conseiller scientifique en chef du Canada,,,,,,,,a
3612,Policy Horizons Canada,Horizons de politiques Canada,Policy Horizons Canada,Horizons de politiques Canada,,,,,,,,a
3613,Ship-source Oil Pollution Fund,Caisse d'indemnisation des dommages dus à la pollution par les hydrocarbures causée par les navires,Ship-source Oil Pollution Fund,Caisse d'indemnisation des dommages dus à la pollution par les hydrocarbures causée par les navires,,,,,,,,a
3614,Statute Revision Commission Canada,Commission de révision des lois Canada,Statute Revision Commission Canada,Commission de révision des lois Canada,,,,,,,,a
3615,Canadian Dairy Commission,Commission canadienne du lait,Canadian Dairy Commission,Commission canadienne du lait,,,Agriculture and Agri-Food Canada,Agriculture et Agroalimentaire Canada,,,4,a
3616,Farm Credit Canada,Financement agricole Canada,Farm Credit Canada,Financement agricole Canada,,,Agriculture and Agri-Food Canada,Agriculture et Agroalimentaire Canada,,,3,a
3618,Canada Council for the Arts,Conseil des Arts du Canada,Canada Council for the Arts,Conseil des Arts du Canada,,,Canadian Heritage,Patrimoine canadien,,,,a
3619,Canadian Broadcasting Corporation,Société Radio-Canada,Canadian Broadcasting Corporation,Société Radio-Canada,,,Canadian Heritage,Patrimoine canadien,,,,a
3620,Canadian Museum for Human Rights,Musée canadien des droits de la personne,Canadian Museum for Human Rights,Musée canadien des droits de la personne,,,Canadian Heritage,Patrimoine canadien,,,3,a
3621,Canadian Museum of History,Musée canadien de l'histoire,Canadian Museum of History,Musée canadien de l'histoire,,,Canadian Heritage,Patrimoine canadien,,,3,a
3622,Canadian Museum of Immigration at Pier 21,Musée canadien de l'immigration du Quai 21,Canadian Museum of Immigration at Pier 21,Musée canadien de l'immigration du Quai 21,,,Canadian Heritage,Patrimoine canadien,,,3,a
3623,Canadian Museum of Nature,Musée canadien de la nature,Canadian Museum of Nature,Musée canadien de la nature,,,Canadian Heritage,Patrimoine canadien,,,3,a
3624,Canadian Race Relations Foundation,Fondation canadienne des relations raciales,Canadian Race Relations Foundation,Fondation canadienne des relations raciales,,,Canadian Heritage,Patrimoine canadien,,,,a
3625,National Arts Centre Corporation,Société du Centre national des Arts,National Arts Centre Corporation,Société du Centre national des Arts,,,Canadian Heritage,Patrimoine canadien,,,,a
3626,National Gallery of Canada,Musée des beaux-arts du Canada,National Gallery of Canada,Musée des beaux-arts du Canada,,,Canadian Heritage,Patrimoine canadien,,,3,a
3627,National Museum of Science and Technology,Musée national des sciences et de la technologie,National Museum of Science and Technology,Musée national des sciences et de la technologie,,,Canadian Heritage,Patrimoine canadien,,,3,a
3629,Telefilm Canada,Téléfilm Canada,Telefilm Canada,Téléfilm Canada,,,Canadian Heritage,Patrimoine canadien,,,,a
3630,Toronto Organizing Committee for the 2015 Pan American and Parapan American Games,Comité d'organisation des Jeux panaméricains et parapanaméricains de Toronto 2015,Toronto Organizing Committee for the 2015 Pan American and Parapan American Games,Comité d'organisation des Jeux panaméricains et parapanaméricains de Toronto 2015,,,,,,,,a
3631,Canada Mortgage and Housing Corporation,Société canadienne d'hypothèques et de logement,Canada Mortgage and Housing Corporation,Société canadienne d'hypothèques et de logement,,,"Housing, Infrastructure and Communities Canada","Logement, Infrastructures et Collectivités Canada",,,3,a
3632,Social Security Tribunal,Tribunal de la sécurité sociale,Social Security Tribunal,Tribunal de la sécurité sociale,,,Employment and Social Development Canada,Emploi et Développement social Canada,,,,t
3633,Bank of Canada,Banque du Canada,Bank of Canada,Banque du Canada,,,Department of Finance Canada,Ministère des Finances Canada,,,,a
3634,Canada Deposit Insurance Corporation,Société d'assurance-dépôts du Canada,Canada Deposit Insurance Corporation,Société d'assurance-dépôts du Canada,,,Department of Finance Canada,Ministère des Finances Canada,,,3,a
3635,Canada Development Investment Corporation,La Corporation de développement des investissements du Canada,Canada Development Investment Corporation,La Corporation de développement des investissements du Canada,,,Department of Finance Canada,Ministère des Finances Canada,,,3,a
3636,Canada Pension Plan Investment Board,Office d'investissement du régime de pensions du Canada,Canada Pension Plan Investment Board,Office d'investissement du régime de pensions du Canada,,,Department of Finance Canada,Ministère des Finances Canada,,,,a
3637,Royal Canadian Mint,Monnaie royale canadienne,Royal Canadian Mint,Monnaie royale canadienne,,,Department of Finance Canada,Ministère des Finances Canada,,,3,a
3638,Freshwater Fish Marketing Corporation,Office de commercialisation du poisson d'eau douce,Freshwater Fish Marketing Corporation,Office de commercialisation du poisson d'eau douce,,,Fisheries and Oceans Canada,Pêches et Océans Canada,,,3,a
3639,Canadian Commercial Corporation,Corporation commerciale canadienne,Canadian Commercial Corporation,Corporation commerciale canadienne,,,Global Affairs Canada,Affaires mondiales Canada,,,3,a
3640,Export Development Canada,Exportation et développement Canada,Export Development Canada,Exportation et développement Canada,,,Global Affairs Canada,Affaires mondiales Canada,,,3,a
3641,International Development Research Centre,Centre de recherches pour le développement international,International Development Research Centre,Centre de recherches pour le développement international,,,Global Affairs Canada,Affaires mondiales Canada,,,,a
3642,Canada Infrastructure Bank,Banque de l'infrastructure du Canada,Canada Infrastructure Bank,Banque de l'infrastructure du Canada,,,"Housing, Infrastructure and Communities Canada","Logement, Infrastructures et Collectivités Canada",,,3,a
3643,The Jacques-Cartier and Champlain Bridges Inc.,Les Ponts Jacques-Cartier et Champlain Inc.,The Jacques-Cartier and Champlain Bridges Inc.,Les Ponts Jacques-Cartier et Champlain Inc.,,,"Housing, Infrastructure and Communities Canada","Logement, Infrastructures et Collectivités Canada",,,3,a
3644,Windsor-Detroit Bridge Authority,Autorité du pont Windsor-Détroit,Windsor-Detroit Bridge Authority,Autorité du pont Windsor-Détroit,,,"Housing, Infrastructure and Communities Canada","Logement, Infrastructures et Collectivités Canada",,,3,a
3645,PPP Canada Inc.,PPP Canada Inc.,PPP Canada Inc.,PPP Canada Inc.,,,,,,,,d
3646,Business Development Bank of Canada,Banque de développement du Canada,Business Development Bank of Canada,Banque de développement du Canada,,,"Innovation, Science and Economic Development Canada","Innovation, Sciences et Développement économique Canada",,,3,a
3647,Canadian Tourism Commission,Commission canadienne du tourisme,Canadian Tourism Commission,Commission canadienne du tourisme,,,"Innovation, Science and Economic Development Canada","Innovation, Sciences et Développement économique Canada",,,3,a
3648,Standards Council of Canada,Conseil canadien des normes,Standards Council of Canada,Conseil canadien des normes,,,"Innovation, Science and Economic Development Canada","Innovation, Sciences et Développement économique Canada",,,3,a
3649,Atomic Energy of Canada Limited,Énergie atomique du Canada limitée,Atomic Energy of Canada Limited,Énergie atomique du Canada limitée,,,Natural Resources Canada,Ressources naturelles Canada,,,3,a
3650,Canada Lands Company Limited,Société immobilière du Canada limitée,Canada Lands Company Limited,Société immobilière du Canada limitée,,,Public Services and Procurement Canada,Services publics et Approvisionnement Canada,,,3,a
3651,Canada Post Corporation,Société canadienne des postes,Canada Post Corporation,Société canadienne des postes,,,Public Services and Procurement Canada,Services publics et Approvisionnement Canada,,,3,a
3652,Defence Construction (1951) Limited,Construction de Défense (1951) Limitée,Defence Construction (1951) Limited,Construction de Défense (1951) Limitée,,,Public Services and Procurement Canada,Services publics et Approvisionnement Canada,,,3,a
3653,National Capital Commission,Commission de la capitale nationale,National Capital Commission,Commission de la capitale nationale,,,Public Services and Procurement Canada,Services publics et Approvisionnement Canada,,,3,a
3654,Atlantic Pilotage Authority,Administration de pilotage de l'Atlantique,Atlantic Pilotage Authority,Administration de pilotage de l'Atlantique,,,Transport Canada,Transports Canada,,,3,a
3655,Canadian Air Transport Security Authority,Administration canadienne de la sûreté du transport aérien,Canadian Air Transport Security Authority,Administration canadienne de la sûreté du transport aérien,,,Transport Canada,Transports Canada,,,3,a
3656,Great Lakes Pilotage Authority,Administration de pilotage des Grands Lacs,Great Lakes Pilotage Authority,Administration de pilotage des Grands Lacs,,,Transport Canada,Transports Canada,,,3,a
3657,Laurentian Pilotage Authority,Administration de pilotage des Laurentides,Laurentian Pilotage Authority,Administration de pilotage des Laurentides,,,Transport Canada,Transports Canada,,,3,a
3658,Marine Atlantic Inc.,Marine Atlantique S.C.C.,Marine Atlantic Inc.,Marine Atlantique S.C.C.,,,Transport Canada,Transports Canada,,,3,a
3659,Pacific Pilotage Authority,Administration de pilotage du Pacifique,Pacific Pilotage Authority,Administration de pilotage du Pacifique,,,Transport Canada,Transports Canada,,,3,a
3660,Ridley Terminals Inc.,Ridley Terminals Inc.,Ridley Terminals Inc.,Ridley Terminals Inc.,,,Transport Canada,Transports Canada,,,,t
3661,The Federal Bridge Corporation Limited,La Société des ponts fédéraux Limitée,The Federal Bridge Corporation Limited,La Société des ponts fédéraux Limitée,,,Transport Canada,Transports Canada,,,3,a
3662,VIA Rail Canada Inc.,VIA Rail Canada inc.,VIA Rail Canada Inc.,VIA Rail Canada inc.,,,Transport Canada,Transports Canada,,,3,a
3663,Public Sector Pension Investment Board,Office d'investissement des régimes de pensions du secteur public,Public Sector Pension Investment Board,Office d'investissement des régimes de pensions du secteur public,,,Treasury Board of Canada Secretariat,Secrétariat du Conseil du Trésor du Canada,,,,a
3664,Assisted Human Reproduction Agency of Canada,Agence canadienne de contrôle de la procréation assistée,Assisted Human Reproduction Agency of Canada,Agence canadienne de contrôle de la procréation assistée,,,,,,,,d
3665,Blue Water Bridge Authority,Administration du pont Blue Water,Blue Water Bridge Authority,Administration du pont Blue Water,,,,,,,,d
3666,Canada Employment Insurance Financing Board,Office de financement de l'assurance-emploi du Canada,Canada Employment Insurance Financing Board,Office de financement de l'assurance-emploi du Canada,,,,,,,,d
3667,Corporation for the Mitigation of Mackenzie Gas Project Impacts,Société d'atténuation des répercussions du projet gazier Mackenzie,Corporation for the Mitigation of Mackenzie Gas Project Impacts,Société d'atténuation des répercussions du projet gazier Mackenzie,,,,,,,,d
3668,Enterprise Cape Breton Corporation,Société d'expansion du Cap Breton,Enterprise Cape Breton Corporation,Société d'expansion du Cap Breton,,,,,,,,d
3669,First Nations Statistical Institute,Institut de la statistique des Premières nations,First Nations Statistical Institute,Institut de la statistique des Premières nations,,,,,,,,d
3670,Grain Appeal Tribunal,Tribunal d'appel pour les grains,Grain Appeal Tribunal,Tribunal d'appel pour les grains,,,,,,,,d
3671,Hazardous Materials Information Review Commission,Conseil de contrôle des renseignements relatifs aux matières dangereuses,Hazardous Materials Information Review Commission,Conseil de contrôle des renseignements relatifs aux matières dangereuses,,,,,,,,d
3672,Indian Residential Schools Truth and Reconciliation Commission,Commission de vérité et de réconciliation relative aux pensionnats indiens,Indian Residential Schools Truth and Reconciliation Commission,Commission de vérité et de réconciliation relative aux pensionnats indiens,,,,,,,,d
3673,Inuvialuit Arbitration Board,Commission d'arbitrage des Inuvialuit,Inuvialuit Arbitration Board,Commission d'arbitrage des Inuvialuit,,,,,,,,d
3674,Merchant Seamen Compensation Board,Commission d'indemnisation des marins marchands,Merchant Seamen Compensation Board,Commission d'indemnisation des marins marchands,,,,,,,,d
3675,National Round Table on the Environment and the Economy,Table ronde nationale sur l'environnement et l'économie,National Round Table on the Environment and the Economy,Table ronde nationale sur l'environnement et l'économie,,,,,,,,d
3676,Public Appointments Commission Secretariat,Secrétariat de la Commission des nominations publiques,Public Appointments Commission Secretariat,Secrétariat de la Commission des nominations publiques,,,,,,,,d
3679,Canada Agricultural Review Tribunal,Commission de révision agricole du Canada,Canada Agricultural Review Tribunal,Commission de révision agricole du Canada,,,Agriculture and Agri-Food Canada,Agriculture et Agroalimentaire Canada,,,,t
3680,Canada Industrial Relations Board,Conseil canadien des relations industrielles,Canada Industrial Relations Board,Conseil canadien des relations industrielles,,,Employment and Social Development Canada,Emploi et Développement social Canada,,,,t
3681,Canadian Artists and Producers Professional Relations Tribunal,Tribunal canadien des relations professionnelles artistes-producteurs,Canadian Artists and Producers Professional Relations Tribunal,Tribunal canadien des relations professionnelles artistes-producteurs,,,,,,,,t
3682,Canadian Cultural Property Export Review Board,Commission canadienne d'examen des exportations de biens culturels,Canadian Cultural Property Export Review Board,Commission canadienne d'examen des exportations de biens culturels,,,Canadian Heritage,Patrimoine canadien,,,,t
3683,Canadian Human Rights Tribunal,Tribunal canadien des droits de la personne,Canadian Human Rights Tribunal,Tribunal canadien des droits de la personne,,,Department of Justice Canada,Ministère de la Justice Canada,,,,t
3684,Canadian International Development Agency,Agence canadienne de développement international,Canadian International Development Agency,Agence canadienne de développement international,,,,,,,,t
3685,Canadian International Trade Tribunal,Tribunal canadien du commerce extérieur,Canadian International Trade Tribunal,Tribunal canadien du commerce extérieur,,,,,,,,t
3686,Employment Insurance Boards of Referees,Conseils arbitraux de l'assurance-emploi,Employment Insurance Boards of Referees,Conseils arbitraux de l'assurance-emploi,,,,,,,,t
3687,Office of the Commissioner of Review Tribunals,Bureau du Commissaire des tribunaux de révision,Office of the Commissioner of Review Tribunals,Bureau du Commissaire des tribunaux de révision,,,,,,,,t
3688,Office of the Umpire,Bureau du juge-arbitre,Office of the Umpire,Bureau du juge-arbitre,,,,,,,,t
3689,Old Port of Montreal Corporation Inc.,Société du Vieux-Port de Montréal Inc.,Old Port of Montreal Corporation Inc.,Société du Vieux-Port de Montréal Inc.,,,,,,,,t
3690,Parc Downsview Park Inc.,Parc Downsview Park Inc,Parc Downsview Park Inc.,Parc Downsview Park Inc,,,,,,,,a
3691,Pension Appeals Board,Commission d'appel des pensions,Pension Appeals Board,Commission d'appel des pensions,,,,,,,,t
3692,Public Service Labour Relations Board,Commission des relations de travail dans la fonction publique,Public Service Labour Relations Board,Commission des relations de travail dans la fonction publique,,,,,,,,t
3693,Public Service Staffing Tribunal,Tribunal de la dotation de la fonction publique,Public Service Staffing Tribunal,Tribunal de la dotation de la fonction publique,,,,,,,,t
3694,Registry of the Competition Tribunal,Greffe du Tribunal de la concurrence,Registry of the Competition Tribunal,Greffe du Tribunal de la concurrence,,,,,,,,t
3695,Registry of the Public Servants Disclosure Protection Tribunal,Greffe du Tribunal de la protection des fonctionnaires divulgateurs d'actes répréhensibles,Registry of the Public Servants Disclosure Protection Tribunal,Greffe du Tribunal de la protection des fonctionnaires divulgateurs d'actes répréhensibles,,,,,,,,t
3696,Registry of the Specific Claims Tribunal,Greffe du Tribunal des revendications particulières,Registry of the Specific Claims Tribunal,Greffe du Tribunal des revendications particulières,,,,,,,,t
3697,Transportation Appeal Tribunal of Canada,Tribunal d'appel des transports du Canada,Transportation Appeal Tribunal of Canada,Tribunal d'appel des transports du Canada,,,Transport Canada,Transports Canada,,,,t
3698,Vancouver Organizing Committee for the 2010 Olympic and Paralympic Winter Games,Comité d'organisation des Jeux olympiques et paralympiques d'hiver de 2010 à Vancouver,Vancouver Organizing Committee for the 2010 Olympic and Paralympic Winter Games,Comité d'organisation des Jeux olympiques et paralympiques d'hiver de 2010 à Vancouver,,,,,,,,d
3700,The Halifax 2011 Canada Games Host Society,Société d'accueil des Jeux de 2011 de Halifax,The Halifax 2011 Canada Games Host Society,Société d'accueil des Jeux de 2011 de Halifax,,,,,,,,d
3701,Prince George 2015 Canada Winter Games Host Society,Société hôtesse des Jeux d'hiver du Canada Prince George 2015,Prince George 2015 Canada Winter Games Host Society,Société hôtesse des Jeux d'hiver du Canada Prince George 2015,,,,,,,,a
3702,2010 Games Operating Trust Society,Société du legs des Jeux de 2010,2010 Games Operating Trust Society,Société du legs des Jeux de 2010,,,,,,,,a
3703,Canada Water Agency,Agence de l'eau du Canada,Canada Water Agency,Agence canadienne de l'eau,Canada Water Agency,Agence de l'eau du Canada,,,CWA,AEC,1.1,a
3704,Treasury Board,Conseil du Trésor,Treasury Board,Conseil du Trésor,,,,,TB,CT,1,a
3705,Federal Public Sector Labour Relations and Employment Board,Commission des relations de travail et de l'emploi dans le secteur public fédéral,Federal Public Sector Labour Relations and Employment Board,Commission des relations de travail et de l'emploi dans le secteur public fédéral,,,,,,,,a
3706,Miscarriage of Justice Review Commission,Commission d'examen des erreurs du système judiciaire,Miscarriage of Justice Review Commission,Commission d'examen des erreurs du système judiciaire,,,,,,,1.1,a
3707,VIA HFR - VIA TGF Inc.,VIA HFR - VIA TGF Inc.,VIA HFR - VIA TGF Inc.,VIA HFR - VIA TGF Inc.,,,,,,,,a
nan,,,Office of the Information Commissioner,,,,,,,,4,a
